{"cameraMode":{"drawMode":0,"name":"Shaded","section":"Shading Mode"},"sceneLighting":true,"audioPlay":false,"sceneViewState":{"showFog":true,"showMaterialUpdate":true,"showSkybox":true,"showFlares":true,"showImageEffects":true,"showParticleSystems":true},"in2DMode":false,"pivot":{"x":9.529309272766114,"y":18.596914291381837,"z":5.823357582092285},"rotation":{"x":0.11490782350301743,"y":-0.6555712223052979,"z":-0.10190042853355408,"w":-0.7393632531166077},"size":24.45039176940918,"orthographic":false}